<?xml version="1.0"?><metadata><idinfo><citation><citeinfo><origin>Minnesota Department of Transportation (MnDOT)</origin><title>Roads, Minnesota, 2012</title><geoform>vector digital data</geoform><pubinfo><publish>Minnesota Department of Transportation (MnDOT)</publish></pubinfo><pubdate>2012</pubdate><onlink>https://gisdata.mn.gov/dataset/trans-roads-mndot-tis</onlink></citeinfo></citation><descript><abstract>This historic dataset represents road centerlines for all public roads within the state of Minnesota as of 2012. The roads are broken from intersection to intersection and attributed with information based on their designated route. Key attribute fields include route system (Interstate, US Highway, Minnesota Highway, County State Aid Highway, County Road, Township Road, etc.), Route Number (35W, 10, 53), and Name. A detailed description of the Roads layer attributes is included in Section 5 of this document - Entity and Attribute Overview.

Some route numbers are temporary. '900' Routes are for route segments that formerly were part of a trunk highway which was turned back to a local entity. These are temporary numbers assigned while MnDOT waits for an official local designation. These numbers are assigned in the 900-999 range and are not official route numbers but just for temporarily assigning data to unnumbered routes.

***The route IDs and measures contained in this data set are part of the old TIS system and are no longer supported at MnDOT. To download the current data set containing MnDOT's new LRS route IDs and more accurate measures, go to:  https://gisdata.mn.gov/dataset/trans-roads-centerlines</abstract><purpose>This dataset was developed to fill a need at MnDOT for a continuous, statewide GIS base map of the transportation system. It was part of the old Transportation Information Sytem (TIS).</purpose><supplinf>State of Minnesota</supplinf></descript><timeperd><timeinfo><sngdate><caldate>2012</caldate></sngdate></timeinfo><current>The data represent the route network as reported to MnDOT following the construction season ending in 2012.</current></timeperd><status><progress>Complete</progress><update>None Planned</update></status><spdom><bounding><westbc>
-97.508970</westbc><eastbc>
-89.028990</eastbc><northbc>
49.652543</northbc><southbc>
43.192405</southbc></bounding></spdom><keywords><theme><themekt>ISO 19115 Topic Category</themekt><themekey>Transportation, Roads, TIS Code, Route Number, Route Direction, Routes</themekey></theme><place><placekey>Minnesota</placekey><placekey>MN</placekey></place></keywords><accconst>None</accconst><useconst>By accepting this data, the user agrees not to transmit this data or provide access to it or any part of it to another party or the public unless the user shall include with the data a copy of the disclaimer. The disclaimer can be found in Section 6 of this document (Distribution Liability).</useconst><browse><browsed>Area of detail</browsed></browse><native>Microsoft Windows XP Version 5.1 (Build 2600) Service Pack 3; ESRI ArcCatalog 9.2.6.1500</native><ptcontac><cntinfo><cntperp><cntorg>Minnesota Department of Transportation</cntorg><cntper>Jesse Pearson</cntper></cntperp><cntpos>Section Director of OTSM Roadway Data and Supportd</cntpos><cntaddr><address>395 John Ireland Blvd.</address><city>Saint Paul</city><state>MN</state><postal>55155</postal></cntaddr><cntvoice>651-366-3881</cntvoice><cntfax>651-366-4111</cntfax><cntemail>linearreferencingsystem.admin.dot@state.mn.us</cntemail></cntinfo></ptcontac></idinfo><dataqual><attracc><attraccr>The best resource available at the time of the attribute updates was used. Ideally this was from the local municipalities or a construction plan but sometimes it came from a variety of different sources.  </attraccr></attracc><logic>Data have been topologically structured and verified.</logic><complete>The layer is complete for the entire state of Minnesota.</complete><posacc><horizpa><horizpar>Location accuracy for features derived from USGS 7.5-minute quadrangles cannot be assumed to exceed National Map Accuracy Standards for 1:24,000 scale maps (+/- 40 feet or 12 meters).  Accuracy of updates based on imagery is dependent on the resolution of the imagery used.  Imagery used for updates was the best imagery available at the time of the update. Features updated by MnDOT or local highway agencies have higher positional accuracy.</horizpar></horizpa><vertacc><vertaccr>Not applicable</vertaccr></vertacc></posacc><lineage><procstep><procdesc>The original data source for the MnDOT Basemap Roads features was the USGS 1:24,000-scale USGS 7.5-minute quadrangle maps. 

During the time period 1990-1995, the Roads and other MnDOT BaseMap data layers were digitized from USGS 7.5-minute quadrangles using MicroStation CADD. A total of 1745 quadrangles were digitized. For any given area, MnDOT used the most recent quadrangle available at that time. The digital MicroStation CADD files were converted from State Plane Coordinates to UTM and then converted into ARC/INFO coverages. The ARC/INFO files were merged into statewide, seamless coverages and then attributes were added. 

Beginning in March, 1999, the Roads features were checked and updated, using 1997 digital orthophotos for Anoka, Carver, Dakota, Hennepin, Ramsey, Scott and Washington Counties and 1991 digital orthophotos for the remaining 80 counties.

The Roads features layer was updated continuously as information came in to the Office of Transportation System Management. The Minnesota Trunk Highway (TH), County State Aid System (CSAH), and Municipal State Aid System (MSAS) alignments and route data were improved each year through an annual status process. Changes to roads came from several sources including county engineers, city engineers, GIS personnel and the MnDOT State Aid office (which manages county state aid highways and municipal state aid streets), the most recent aerial photos available, and construction plans. 
</procdesc></procstep></lineage></dataqual><spdoinfo><direct>Vector</direct><ptvctinf><sdtsterm><sdtstype>String</sdtstype><ptvctcnt>432347</ptvctcnt></sdtsterm></ptvctinf></spdoinfo><spref><vertdef><altsys><altres /><altenc>Explicit elevation coordinate not included with horizontal coordinates</altenc></altsys></vertdef><horizsys><planar><gridsys><gridsysn>Universal Transverse Mercator</gridsysn><utm><utmzone>15</utmzone></utm></gridsys><planci><plandu>meters</plandu></planci></planar><geodetic><horizdn>NAD83</horizdn><ellips>GRS80</ellips></geodetic></horizsys></spref><eainfo><detailed><enttyp><enttypl>STREETS_LOAD</enttypl></enttyp><attr><attrlabl>OBJECTID_1</attrlabl><attrdef>Internal feature number.</attrdef><attrdefs>ESRI</attrdefs><attrdomv><udom>Sequential unique whole numbers that are automatically generated.</udom></attrdomv></attr><attr><attrlabl>SHAPE</attrlabl><attrdef>Feature geometry.</attrdef><attrdefs>ESRI</attrdefs><attrdomv><udom>Coordinates defining the features.</udom></attrdomv></attr><attr><attrlabl>STREET_NAME</attrlabl><attrdefs>Displays the full street name. This is concatenated from STREET_PREFIX, BASE_NAME, STREET_TYPE and STREET_SUFFIX.</attrdefs></attr><attr><attrlabl>STREET_PREFIX</attrlabl><attrdefs>Displays the prefix portion of the STREET_NAME. In the example: "N Jackson St W", the STREET_PREFIX would be "N". No periods are used.</attrdefs><attrdomv><edom><edomv>N</edomv><edomvd>North</edomvd></edom></attrdomv><attrdomv><edom><edomv>S</edomv><edomvd>South</edomvd></edom></attrdomv><attrdomv><edom><edomv>E</edomv><edomvd>East</edomvd></edom></attrdomv><attrdomv><edom><edomv>W</edomv><edomvd>West</edomvd></edom></attrdomv><attrdomv><edom><edomv>NE</edomv><edomvd>Northeast</edomvd></edom></attrdomv><attrdomv><edom><edomv>NW</edomv><edomvd>Northwest</edomvd></edom></attrdomv><attrdomv><edom><edomv>SE</edomv><edomvd>Southeast</edomvd></edom></attrdomv><attrdomv><edom><edomv>SW</edomv><edomvd>Southwest</edomvd></edom></attrdomv></attr><attr><attrlabl>BASE_NAME</attrlabl><attrdefs>Displays the name portion of the STREET_NAME. In the example: "N Jackson St W", the BASE_NAME would be "Jackson". No periods are used and normally abbreviated words like Saint and Fort are spelled out.</attrdefs></attr><attr><attrlabl>STREET_TYPE</attrlabl><attrdefs>Displays the type portion of the STREET_NAME. In the example: "N Jackson St W", the STREET_TYPE would be "St". No periods are used. Valid abbreviations are set by the US Post Office and can be found on their website at: https://www.usps.com/send/official-abbreviations.htm</attrdefs></attr><attr><attrlabl>STREET_SUFFIX</attrlabl><attrdefs>Displays the suffix portion of the STREET_NAME. In the example: "N Jackson St W", the STREET_SUFFIX would be "W". No periods are used.</attrdefs><attrdomv><edom><edomv>N</edomv><edomvd>North</edomvd></edom></attrdomv><attrdomv><edom><edomv>S</edomv><edomvd>South</edomvd></edom></attrdomv><attrdomv><edom><edomv>E</edomv><edomvd>East</edomvd></edom></attrdomv><attrdomv><edom><edomv>W</edomv><edomvd>West</edomvd></edom></attrdomv><attrdomv><edom><edomv>NE</edomv><edomvd>Northeast</edomvd></edom></attrdomv><attrdomv><edom><edomv>NW</edomv><edomvd>Northwest</edomvd></edom></attrdomv><attrdomv><edom><edomv>SE</edomv><edomvd>Southeast</edomvd></edom></attrdomv><attrdomv><edom><edomv>SW</edomv><edomvd>Southwest</edomvd></edom></attrdomv></attr><attr><attrlabl>E_911</attrlabl><attrdefs>Indicates if the street name is the official E-911 name for the street.</attrdefs><attrdomv><edom><edomv>N</edomv><edomvd>No</edomvd></edom></attrdomv><attrdomv><edom><edomv>Y</edomv><edomvd>Yes</edomvd></edom></attrdomv><attrdomv><edom><edomv>D</edomv><edomvd>No street name known so populated with a number</edomvd></edom></attrdomv><attrdomv><edom><edomv>U</edomv><edomvd>Unverified</edomvd></edom></attrdomv></attr><attr><attrlabl>ROUTE_SYSTEM</attrlabl><attrdefs>The Route System of the Route. Defined by the jurisdiction of the road.</attrdefs><attrdomv><edom><edomv>01</edomv><edomvd>Interstate</edomvd></edom></attrdomv><attrdomv><edom><edomv>02</edomv><edomvd>US Highway</edomvd></edom></attrdomv><attrdomv><edom><edomv>03</edomv><edomvd>MN Highway</edomvd></edom></attrdomv><attrdomv><edom><edomv>04</edomv><edomvd>County State Aid Highway (CSAH)</edomvd></edom></attrdomv><attrdomv><edom><edomv>05</edomv><edomvd>Municipal State Aid Street (MSAS)</edomvd></edom></attrdomv><attrdomv><edom><edomv>07</edomv><edomvd>County Road</edomvd></edom></attrdomv><attrdomv><edom><edomv>08</edomv><edomvd>Township Road</edomvd></edom></attrdomv><attrdomv><edom><edomv>09</edomv><edomv>10</edomv><edomvd>Unorganized Territory Road</edomvd><edomvd>Municipal Street</edomvd><attrdomv><edom /></attrdomv></edom></attrdomv><attrdomv><edom><edomv>11</edomv><edomvd>National Park Road</edomvd></edom></attrdomv><attrdomv><edom><edomv>12</edomv><edomvd>National Forest Road</edomvd></edom></attrdomv><attrdomv><edom><edomv>13</edomv><edomvd>Tribal Road</edomvd></edom></attrdomv><attrdomv><edom><edomv>14</edomv><edomvd>State Forest Road</edomvd></edom></attrdomv><attrdomv><edom><edomv>15</edomv><edomvd>State Park Road</edomvd></edom></attrdomv><attrdomv><edom><edomv>16</edomv><edomvd>Military Road</edomvd></edom></attrdomv><attrdomv><edom><edomv>17</edomv><edomvd>National Monument Road</edomvd></edom></attrdomv><attrdomv><edom><edomv>18</edomv><edomvd>National Wildlife Refuge Road</edomvd></edom></attrdomv><attrdomv><edom><edomv>19</edomv><edomvd>Frontage Road</edomvd></edom></attrdomv><attrdomv><edom><edomv>20</edomv><edomvd>State Game Preserve Road</edomvd></edom></attrdomv><attrdomv><edom><edomv>21</edomv><edomvd>Private Road-Public Access</edomvd></edom></attrdomv><attrdomv><edom><edomv>22</edomv><edomvd>Ramp or Connector</edomvd></edom></attrdomv><attrdomv><edom><edomv>23</edomv><edomvd>Airport Road</edomvd></edom></attrdomv></attr><attr><attrlabl>ROUTE_NUMBER</attrlabl><attrdefs>This displays the number or letter of the road. For example, the route number for "County Road 22" would be "22", and the route number for "County Road F" would be "F". The ROUTE_NUMBER field also includes trailing letters. For example, the route number for "Interstate 35W" would be "35W".</attrdefs></attr><attr><attrlabl>DIVIDED_ONEWAY</attrlabl><attrdefs>Divided or One-way Indicator.</attrdefs><attrdomv><edom><edomv>M</edomv><edomvd>The section of pavement is one half of a route divided by a physical median of some type.</edomvd></edom></attrdomv><attrdomv><edom><edomv>O</edomv><edomvd>The section of the route allows one way travel only.</edomvd></edom></attrdomv><attrdomv><edom><edomv>T</edomv><edomvd>This section of the route allows travel in two directions.</edomvd></edom></attrdomv></attr><attr><attrlabl>TRAFFIC_DIRECTION</attrlabl><attrdefs>The direction of traffic flow along this segment of pavement.</attrdefs><attrdomv><edom><edomv>B</edomv><edomvd>The traffic flows both directions.</edomvd></edom></attrdomv><attrdomv><edom><edomv>D</edomv><edomvd>The traffic flows towards the direction of decreasing mileage only.</edomvd></edom></attrdomv><attrdomv><edom><edomv>I</edomv><edomvd>The traffic flows towards the direction of increasing mileage only.</edomvd></edom></attrdomv></attr><attr><attrlabl>TIS_CODE</attrlabl><attrdefs>The unique identifier for the entire route within the state in the increasing direction unless it is a decreasing one way, using the following format: RRJJJJNNNNA where, RR = Route_System, JJJJ = Jurisdiction, defined as below based on Route_System (01, 02, 03 = 0000; 05, 10 = City Census Code; All others = XX00 where XX is XX = TIS County Code), NNNN = Route Number padded with leading zeros, and A = Alpha code on the end of particular routes or blank if none is present. *This code has been deprecated.*</attrdefs><attrdomv><rdom><rdommin>0100000001</rdommin><rdommax>2386009999Z</rdommax></rdom></attrdomv></attr><attr><attrlabl>SHAPE_Leng</attrlabl><attrdef>Length of feature in internal units.</attrdef><attrdefs>ESRI</attrdefs><attrdomv><udom>Positive real numbers that are automatically generated.</udom></attrdomv></attr></detailed></eainfo><distinfo><distliab>USE OF THIS DOCUMENT IS SUBJECT TO MNDOT'S DISCLAIMERS, LEGAL NOTICES AND POLICIES FOUND at http://www.dot.state.mn.us/information/disclaimer.html</distliab><stdorder><ordering>Data can be downloaded from the Minnesota Geospatial Commons. See Online Linkage field below.</ordering></stdorder><resdesc>STREET_NAME</resdesc><distrib><cntinfo><cntperp><cntorg>Minnesota Department of Transportation</cntorg><cntper>Jesse Pearson</cntper></cntperp><cntpos>Section Director of OTSM Roadway Data and Supportd</cntpos><cntaddr><address>395 John Ireland Blvd.</address><city>Saint Paul</city><state>MN</state><postal>55155</postal></cntaddr><cntvoice>651-366-3881</cntvoice><cntfax>651-366-4111</cntfax><cntemail>linearreferencingsystem.admin.dot@state.mn.us</cntemail></cntinfo></distrib></distinfo><metainfo><metd>20180724</metd><metstdn>Minnesota Geographic Metadata Guidelines</metstdn><metstdv>1.2</metstdv><mettc>local time</mettc><metextns><onlink>https://www.mngeo.state.mn.us/committee/standards/mgmg/metadata.htm</onlink><metprof>ESRI Metadata Profile</metprof></metextns><metc><cntinfo><cntperp><cntorg>Minnesota Department of Transportation</cntorg><cntper>Kyle House</cntper></cntperp><cntpos>Research Analyst Intermediate</cntpos><cntaddr><address>395 John Ireland Blvd.</address><city>Saint Paul</city><state>MN</state><postal>55155</postal></cntaddr><cntvoice>651-366-3873</cntvoice><cntfax>651-366-3886</cntfax><cntemail>linearreferencingsystem.admin.dot@state.mn.us</cntemail></cntinfo></metc></metainfo></metadata>